{
	"id": "Gurgiud_menu",
	"scene_folder": "slugbase/scenes/Gurgiud",
	"images": [
		{"name": "flat", "pos": [0, 0], "depth": -1.0, "flatmode": true},
		{"name": "void - 3", "pos": [0, 0], "depth": 3.5},
		{"name": "void - 4", "pos": [0, 0], "depth": 3.2},
		{"name": "Iggy - 4", "pos": [516, 185], "depth": 3.0, "shader": "LightEdges"},
		{"name": "downwards slugcat", "pos": [737, 296], "depth": 2.8, "shader": "LightEdges"},
		
		{"name": "spores", "pos": [487, 151], "depth": 2, "shader": "Overlay"},
		{"name": "plants", "pos": [301, 18], "depth": 1.5}
	],
	"idle_depths": [2.9],
	"glow_pos": [730, 335],
	"mark_pos": [740, 575],
	"select_menu_pos": [-10, 100],
	"slugcat_depth": 3.0
}