{
	"id": "Gurgiud_sleep",
	"scene_folder": "slugbase/scenes/Gurgiud_sleep",
	"images": [
		
		
		{"name": "sleep - 4", "pos": [685, 138], "depth": 4.8, "shader": "Basic"},
		{"name": "sleep - 3", "pos": [740, 138], "depth": 4, "shader": "Basic"},
		{"name": "sleep - 2", "pos": [728, 117], "depth": 3, "shader": "Basic"},
		{"name": "berry", "pos": [728, 117], "depth": 2, "shader": "Basic"},
		{"name": "sleep - 1", "pos": [498, -38], "depth": 1.8, "shader": "Basic"}
	],
	"idle_depths": [2.9],
	"sleep scene_depth": 3.0
}