{
	"id": "Gurgiud",
	"name": "The Gurgiud",
	"description": "A VoidWorm turned into a SlugCat, interested in life above..",
	
	"features": {
		"color": "ffb95e",
		"custom_colors": [
			{ "name": "Body", "story": "0d0b0b", "arena": [ "0d0b0b", "0d0b0b", "0d0b0b", "0d0b0b" ] },
			{ "name": "Eyes", "story": "ffb95e", "arena": [ "ffb95e", "ffb95e", "ffb95e", "ffb95e" ] }
		],
		"Gurgiud/super_jump": 0.5,
		"Gurgiud/explode_on_death": true,
		"Gurgiud/gravity": true,
		"Gurgiud/worm": true,
		"Gurgiud/slowspears": true,
		"Gurgiud/biting": true,
		"Gurgiud/mean_lizards": true,
		"auto_grab_batflies": false,
		"weight": 1.0,
		"tunnel_speed": 1.1,
		"climb_speed": 1.1,
		"walk_speed": 1.3,
		"crouch_stealth": 1.1,
		"throw_skill": 2,
		"lung_capacity": 1.5,
		"loudness": 0.7,
		"alignments": {
			"all": { "like": -1, "strength": 0.5 }
		},
		"diet": {
			"corpses": 0.5,
			"meat": -1,
			"plants": -1,
			"overrides": {
				"EggBug": 4,
				"FireBug": 4
			}
		},
		
		"karma": 0,
		"karma_cap": 4,
		"start_room": "SB_S01",
		"guide_overseer": 0,
		"has_dreams": false,
		"cycle_length_min": 7,
		"cycle_length_max": 10,
		"perma_unlock_gates": false,
		"food_min": 7,
		"food_max": 11,
		"select_menu_scene": "Gurgiud_menu"
		"sleep_scene": "Gurgiud_sleep",
		"world_state": "Spear"
	}
}