{
	"id": "Gurgiud",
	"name": "The Gurgiud",
	"description": "An example slugcat made with SlugBase.",
	
	"features": {
		"color": "12a116",
		"custom_colors": [
			{ "name": "Body", "story": "664343", "arena": [ "664343", "FFFFAA", "F0F0FF", "FFDDEE" ] },
			{ "name": "Eyes", "story": "ffe433", "arena": [ "ffe433", "351314", "10343A", "210031" ] }
		],
		"Gurgiud/super_jump": 0.5,
		"Gurgiud/explode_on_death": true,
		"Gurgiud/gravity": true,
		"Gurgiud/stomachBomb": true,
		"Gurgiud/slowspears": true,
		"Gurgiud/biting": true,
		"auto_grab_batflies": false,
		"weight": 3.0,
		"tunnel_speed": 1.2,
		"climb_speed": 1.2,
		"walk_speed": 1.5,
		"crouch_stealth": 1.5,
		"throw_skill": 3,
		"lung_capacity": 2.5,
		"loudness": 0.7,
		"alignments": {
			"all": { "like": -1, "strength": 0.5 }
		},
		"diet": {
			"corpses": 0.5,
			"meat": 3,
			"plants": -1,
			"overrides": {
				"EggBug": 4,
				"FireBug": 4
			}
		},
		
		"karma": 3,
		"karma_cap": 7,
		"start_room": "SI_S04",
		"guide_overseer": 5,
		"has_dreams": false,
		"cycle_length_min": 10,
		"cycle_length_max": 10,
		"perma_unlock_gates": false,
		"food_min": 8,
		"food_max": 12,
		"select_menu_scene": "ScorpSlug_menu"
		"world_state": "Spear"
	}
}